Endpoint,Mean Duration (seconds),Min Duration (seconds),Max Duration (seconds),Hits
q1,20.90,0.121036,33.720366,124
q2,21.22,4.558739,30.123392,54
q3,27.00,3.417515,37.198860,153
q4,20.89,10.806007,31.704467,60
q5,21.17,11.887574,33.822587,56
q6,21.16,4.553798,31.696151,53
