Endpoint,Mean Duration (seconds),Min Duration (seconds),Max Duration (seconds),Hits
q1,2.70,0.004030,6.008812,25
q2,3.55,1.338364,6.002865,8
q3,5.21,1.139923,8.801453,23
q4,2.93,1.342627,6.009575,9
q5,4.10,1.339821,6.005732,6
q6,4.28,2.363811,7.886765,9
